{
  "accuracy": 0.8156424581005587,
  "precision": 0.7571428571428571,
  "recall": 0.7681159420289855,
  "f1": 0.762589928057554,
  "roc_auc": 0.8225296442687747,
  "confusion_matrix": [
    [
      93,
      17
    ],
    [
      16,
      53
    ]
  ],
  "y_pred": [
    0,
    0,
    0,
    0,
    1,
    1,
    1,
    1,
    1,
    0,
    0,
    0,
    0,
    0,
    1,
    0,
    0,
    0,
    0,
    1,
    0,
    1,
    0,
    1,
    0,
    1,
    0,
    0,
    0,
    0,
    0,
    1,
    0,
    0,
    1,
    1,
    1,
    0,
    0,
    1,
    0,
    1,
    0,
    1,
    1,
    0,
    0,
    0,
    1,
    1,
    1,
    0,
    1,
    0,
    1,
    0,
    0,
    1,
    1,
    1,
    1,
    1,
    0,
    0,
    1,
    0,
    1,
    0,
    0,
    0,
    1,
    0,
    1,
    1,
    0,
    0,
    0,
    0,
    0,
    0,
    0,
    0,
    0,
    0,
    1,
    0,
    0,
    1,
    1,
    1,
    0,
    0,
    0,
    0,
    0,
    1,
    1,
    0,
    0,
    0,
    0,
    1,
    1,
    1,
    0,
    0,
    0,
    0,
    0,
    1,
    0,
    0,
    0,
    0,
    1,
    0,
    0,
    0,
    0,
    0,
    0,
    1,
    0,
    0,
    0,
    0,
    1,
    1,
    0,
    1,
    1,
    0,
    1,
    0,
    1,
    0,
    1,
    0,
    1,
    0,
    1,
    0,
    1,
    1,
    0,
    0,
    0,
    0,
    1,
    1,
    0,
    0,
    1,
    1,
    0,
    0,
    0,
    0,
    0,
    1,
    0,
    1,
    1,
    1,
    1,
    0,
    0,
    0,
    1,
    1,
    0,
    0,
    1,
    0,
    1,
    0,
    0,
    1,
    0
  ],
  "y_proba": [
    0.19005078434571007,
    0.07782387033476026,
    0.1586580226398215,
    0.14248403163236714,
    0.7850005958947055,
    0.7822367822240914,
    0.8038062106458829,
    0.6769713232257356,
    0.5894055456407367,
    0.14464618763509396,
    0.15981831408137978,
    0.1619045480924037,
    0.15840485849526845,
    0.18317161601275314,
    0.6657896472412673,
    0.15984783832674532,
    0.1601213739937355,
    0.15706881240272602,
    0.15817788674529773,
    0.8059854845364848,
    0.15706881240272602,
    0.8350919638135124,
    0.1584116067276388,
    0.7670798480109564,
    0.15987168202322088,
    0.8447310218913228,
    0.15981831408137978,
    0.19685837036099282,
    0.15991774199656425,
    0.1416272992269849,
    0.1601279467662795,
    0.8030927716584555,
    0.17473882512590883,
    0.15964920488377995,
    0.5853997981706158,
    0.6938669025154043,
    0.5791003845233179,
    0.44383630187515155,
    0.15981831408137978,
    0.9466996728766708,
    0.17865096329113075,
    0.6304911999429064,
    0.16121987387728998,
    0.948213621864586,
    0.8171506437433186,
    0.15361668842579065,
    0.16012099103378416,
    0.1932630239227207,
    0.7287287478828532,
    0.8063105452916935,
    0.8770486177199773,
    0.1599588609478209,
    0.7952344030028292,
    0.15940674983316006,
    0.7449674002990762,
    0.15570179999414488,
    0.15399663178895595,
    0.795473784186928,
    0.824460070513176,
    0.7984547722150929,
    0.7835874106628191,
    0.8364455691063127,
    0.1583822052628228,
    0.16971193744815063,
    0.5964274060980012,
    0.1935233701876814,
    0.9052926721653879,
    0.1629593390015768,
    0.06708130145135591,
    0.15768331412184633,
    0.8457542388342125,
    0.15867017635678027,
    0.8709093186760067,
    0.7612502236652783,
    0.16030927560906297,
    0.10193207490994313,
    0.1602247737221326,
    0.1587185036943838,
    0.16008026514893547,
    0.05174379875827901,
    0.1519130484580768,
    0.1580683208557566,
    0.1586480000248274,
    0.15997298040245542,
    0.8246196557299464,
    0.2608049201438313,
    0.1282036693578767,
    0.7858013617311957,
    0.795945896401883,
    0.8147724995764533,
    0.159662297277544,
    0.15963184895638366,
    0.11655659493919254,
    0.16014039140418612,
    0.34599535043525936,
    0.8255734497682752,
    0.7955164752549614,
    0.15981831408137978,
    0.1602247737221326,
    0.14494780662266427,
    0.1502182388804665,
    0.7576017295554185,
    0.7955550288263824,
    0.7798354832030774,
    0.16021948253711107,
    0.159662297277544,
    0.1629493721178057,
    0.16014039140418612,
    0.15943458769199303,
    0.6278463454145402,
    0.15981831408137978,
    0.16009892144721335,
    0.1600152629107812,
    0.39217602407240243,
    0.7877419289934184,
    0.15981831408137978,
    0.0814163793463739,
    0.1604727283369632,
    0.16879588807122908,
    0.1502182388804665,
    0.16014039140418612,
    0.843575786232291,
    0.17354547273227108,
    0.11821928649089082,
    0.15880114862972036,
    0.11598957600088991,
    0.571536389630741,
    0.7680316173436652,
    0.1548124449959388,
    0.7801874835875873,
    0.7956023037812001,
    0.1599193366314956,
    0.7850005958947055,
    0.15787896278042773,
    0.6332009320187323,
    0.16029636246355186,
    0.7400397101635606,
    0.15981831408137978,
    0.7954791255158379,
    0.15719762517821245,
    0.6093494391207877,
    0.15865949183134756,
    0.7702421676362962,
    0.5480198895452835,
    0.1601449408830307,
    0.17304932171314313,
    0.16014039140418612,
    0.16749193933159814,
    0.9482120401668248,
    0.757832558182884,
    0.15823119134543395,
    0.45150873478823755,
    0.7567258115118716,
    0.7220142745337205,
    0.23867458029974076,
    0.1568350495328116,
    0.1589480452084592,
    0.16597575032701933,
    0.1967464889619912,
    0.6444417429480387,
    0.44747084803382603,
    0.7814688107475741,
    0.7954791255158379,
    0.834959343049189,
    0.9310585637440597,
    0.15797547632961184,
    0.15871555589520908,
    0.1391268090915803,
    0.801996395741162,
    0.784896787915389,
    0.18753995286595554,
    0.15867017635678027,
    0.7863726608763995,
    0.15886061363403808,
    0.7951779091282688,
    0.16015190524844786,
    0.15902748556326302,
    0.801380971479635,
    0.1720406594330393
  ]
}